learner,shape,encoding,n_features,all_mape,all_mape_sd,all_mae,clean_mape,bias,seconds,fold_06-01,fold_07-01,fold_08-01,fold_09-01
catboost,hybrid,coords,17,4.495459076733924,0.2704798169448584,107.52474528110432,2.226819057800607,0.39406696122569507,83.42600536346436,4.110531525793026,4.504644701751084,4.701126127676268,4.665533951715322
catboost,hybrid,coords+city,19,4.5258349654709775,0.2691455883910655,108.45101085943412,2.2605174961691814,0.24744964809126443,106.86949968338013,4.194056780723517,4.439932735477563,4.814153540432546,4.655196805250285
xgboost,hybrid,coords+city,19,4.540458260749446,0.28106734137817124,108.44436969088162,2.267345800613567,0.6021318050679724,21.934161901474,4.1771473252546265,4.858481650529057,4.525436678353902,4.6007673888601985
sklearn,hybrid,coords+city,19,4.548001104457395,0.33003092633593034,108.64715934272581,2.2744562059366875,0.6226411677079736,18.752532720565796,4.120535578118197,4.922649483854767,4.5406589215264495,4.608160434330166
lightgbm,hybrid,coords+city,19,4.550669638884525,0.30103063265070484,108.81848197877547,2.27855226227903,0.5852246294235877,11.23515796661377,4.1647692328183545,4.897600558349143,4.539997884903153,4.600310879467448
xgboost,hybrid,coords,17,4.586783816562602,0.3298020618606707,109.85550738117699,2.3148362417036945,0.5967178613581976,11.163226842880249,4.177491562442862,4.981545040126532,4.556326317074764,4.63177234660625
lightgbm,hybrid,coords,17,4.5882764982761,0.3255032662349285,109.77083891948713,2.3156968796537947,0.6046879259999933,5.847478151321411,4.2033803977585205,4.991363176608303,4.519734586312143,4.638627832425435
sklearn,hybrid,coords,17,4.591668827176082,0.34773988875808587,109.9588865927027,2.319225020733941,0.6114133570978207,11.366198778152466,4.153963256733252,5.001904725399689,4.569962580722313,4.640844745849072
catboost,boosted,coords,25,4.637775448289332,0.4676754224447657,111.16040003300118,2.3781603899314,0.19605036108986607,58.94086718559265,4.110531525793026,4.504644701751084,4.701126127676268,5.234799437936952
catboost,boosted,coords+city,27,4.6822881182247444,0.4736249053017389,112.53073500936864,2.4266234891739833,0.0335663940411684,102.75181531906128,4.194056780723517,4.439932735477563,4.814153540432546,5.281009416265353
sklearn,boosted,coords+city,27,4.699851881191287,0.4748849213239138,112.60026709039599,2.433301316762185,0.42178612299581686,13.281758069992065,4.120535578118197,4.922649483854767,4.5406589215264495,5.215563541265735
lightgbm,boosted,coords+city,27,4.723496733698611,0.4826743529365278,113.2834407252617,2.459210533631599,0.355521525267135,6.872995138168335,4.1647692328183545,4.897600558349143,4.539997884903153,5.291619258723793
xgboost,boosted,coords+city,27,4.726784518000332,0.497829834988217,113.18069601376797,2.462453556419293,0.3542735453274233,15.478731632232666,4.1771473252546265,4.858481650529057,4.525436678353902,5.346072417863742
sklearn,boosted,coords,25,4.750160324329499,0.49212311011732857,114.10602128441715,2.485676942948688,0.39825434255931225,8.373587608337402,4.153963256733252,5.001904725399689,4.569962580722313,5.274810734462744
xgboost,boosted,coords,25,4.750853503047927,0.4859302338336711,114.17294830017757,2.4878159528100356,0.37666096866927934,8.849993705749512,4.177491562442862,4.981545040126532,4.556326317074764,5.28805109254755
lightgbm,boosted,coords,25,4.754427688229047,0.48855542733628665,114.06711376563331,2.489908098409438,0.3822588740490282,4.623765468597412,4.2033803977585205,4.991363176608303,4.519734586312143,5.303232592237221
