,0
haversine_mi,29.833473882558906
equipment_code,29.71859142311736
distance,24.74787236342256
weight,6.608308359700494
mid_lat,4.033585010114895
mid_lon,2.3816401496362443
circuity,0.5588796456895732
pickup_lon,0.5515330299398457
delivery_lon,0.4974541225363551
pickup_lat,0.29795441674962786
delivery_lat,0.28466677501757415
delta_lat,0.15148849936321152
bearing_cos,0.13706219033928901
bearing_sin,0.10875242764138995
delta_lon,0.08542717223265442
weight_imputed,0.0033105319400397837
is_short_haul,0.0
