timestamp,learner,shape,encoding,tuned,trials,target,n_features,corrupt_labels_gated,trend_collinearity,cv_mape,cv_mape_sd,holdout_all_mape,holdout_all_mae,holdout_all_rmse,holdout_all_median_ape,holdout_all_bias,holdout_all_r2,holdout_all_n,holdout_clean_mape,holdout_clean_mae,holdout_clean_rmse,holdout_clean_median_ape,holdout_clean_bias,holdout_clean_r2,holdout_clean_n,hp_learning_rate,hp_num_boost_round,hp_num_leaves,hp_min_data_in_leaf,hp_lambda_l2,hp_bagging_fraction,hp_bagging_freq,hp_feature_fraction
2026-10-04T16:27:06,lightgbm,hybrid,coords+city,True,4,log(posted_rate / distance),19,677,-0.1094,4.5317,0.2499,4.5986,105.0786,633.0124,1.7996,-0.3005,0.8279,9523.0,2.1108,49.1862,73.1591,1.7681,-1.7642,0.9972,9379.0,0.02436066062408836,1200,35,10,13.572103576955916,0.7900233154745688,1,0.6410966179357159
2026-10-04T16:30:41,lightgbm,hybrid,coords+city,True,4,log(posted_rate / distance),19,677,-0.1094,4.4917,0.2732,4.6063,105.2702,633.1051,1.808,-0.3058,0.8279,9523.0,2.1184,49.3763,73.3268,1.7781,-1.7699,0.9972,9379.0,0.055957983227293305,900,21,41,2.4388219128763375,0.6548690688294536,1,0.8703215911262101
2026-10-04T16:33:29,lightgbm,hybrid,coords+city,True,4,log(posted_rate / distance),19,677,-0.1094,4.5478,0.228,4.6466,106.1737,633.6637,1.8176,-0.3163,0.8276,9523.0,2.1581,50.2686,74.6789,1.7883,-1.781,0.9971,9379.0,0.013890369242922144,1200,19,16,0.2537513665526944,0.9127042807535549,1,0.6266865178197482
2026-10-04T17:13:38,catboost,hybrid,True,50,log(posted_rate / distance),17,677,-0.1094,4.4146,0.2649,4.6296,105.9657,633.5295,1.7923,-0.3151,0.8277,9523.0,2.142,50.0691,74.412,1.7647,-1.779,0.9971,9379.0,0.07347012526035542,1400,5,48,0.33719352381514983,0.8599420401879767
2026-10-04T18:06:34,xgboost,hybrid,coords,False,0,posted_rate / distance,17,677,-0.1094,4.5868,0.3298,4.6318,106.6235,633.8606,1.8107,-0.3062,0.8275,9523.0,2.1432,50.7317,75.8558,1.775,-1.7708,0.997,9379.0
2026-10-04T18:14:12,lightgbm,hybrid,coords,True,30,posted_rate / distance,17,677,-0.1094,4.5178,0.2601,4.6448,106.9847,634.0742,1.8165,-0.3116,0.8274,9523.0,2.1557,51.0917,76.4556,1.7881,-1.7768,0.9969,9379.0,0.022962374598737702,1400,16,42,0.27117001473653046,0.6897921750616065,1,0.9680475057181641
2026-10-04T18:20:04,xgboost,hybrid,coords,True,30,posted_rate / distance,17,677,-0.1094,4.5127,0.2853,4.634,106.663,633.8259,1.8163,-0.3053,0.8275,9523.0,2.1427,50.7617,75.8099,1.7858,-1.7725,0.997,9379.0,0.049954168508440804,900,18,14,6.628387192228706,0.8364156822868661,0.6331402754946641
2026-10-04T18:34:26,lightgbm,hybrid,coords,True,30,posted_rate / distance,17,677,-0.1094,4.4886,0.2693,4.6102,106.2749,633.805,1.8061,-0.2895,0.8275,9523.0,2.1235,50.385,75.5732,1.7757,-1.7516,0.997,9379.0,0.07000201628012136,1400,20,88,1.100793552815662,0.7802996370827787,1,0.7469360736223137
2026-10-04T19:49:16,catboost,hybrid,coords,True,50,posted_rate / distance,17,677,-0.1094,4.4301,0.2293,4.6529,107.17,633.9498,1.8353,-0.3048,0.8274,9523.0,2.1634,51.275,76.3666,1.807,-1.7705,0.9969,9379.0,0.08178108420594667,500,5,56,2.516956347947029,0.8554879880028979
